,T10Y2Y,UNRATE,ICSA,INDPRO,UMCSENT,BAA10Y,PAYEMS,USREC
1990-01-31,0.12142857142857141,5.4,361000.0,61.729,93.0,1.7385714285714284,109196.0,0.0
1990-02-28,0.10263157894736842,5.3,358250.0,62.2896,89.5,1.6710526315789473,109436.0,0.0
1990-03-31,-0.038181818181818185,5.2,345200.0,62.5999,91.3,1.6181818181818182,109640.0,0.0
1990-04-30,0.0615,5.4,361750.0,62.4359,93.9,1.516,109674.0,0.0
1990-05-31,0.11590909090909092,5.4,355250.0,62.6258,90.6,1.653181818181818,109828.0,0.0
1990-06-30,0.12904761904761905,5.2,362400.0,62.8382,88.3,1.7404761904761903,109850.0,0.0
1990-07-31,0.3142857142857143,5.5,367000.0,62.7284,88.2,1.7242857142857144,109815.0,0.0
1990-08-31,0.691304347826087,5.7,384250.0,62.9475,76.4,1.6595652173913045,109607.0,1.0
1990-09-30,0.8136842105263158,5.9,394000.0,62.9523,72.8,1.7426315789473683,109522.0,1.0
1990-10-31,0.8418181818181818,5.9,425250.0,62.5845,63.9,2.023181818181818,109377.0,1.0
1990-11-30,0.7935,6.2,446750.0,61.7887,66.0,2.227,109222.0,1.0
1990-12-31,0.761,6.3,455000.0,61.3352,65.5,2.3594999999999997,109168.0,1.0
1991-01-31,0.9676190476190476,6.4,439750.0,61.1355,66.8,2.3585714285714285,109058.0,1.0
1991-02-28,0.9878947368421053,6.6,484000.0,60.6838,70.4,2.2136842105263157,108735.0,1.0
1991-03-31,1.0070000000000001,6.8,498600.0,60.3346,87.7,1.98,108568.0,1.0
1991-04-30,1.0909090909090908,6.7,467250.0,60.4938,81.8,1.903181818181818,108350.0,0.0
1991-05-31,1.2840909090909092,6.9,447000.0,61.0633,78.3,1.795909090909091,108253.0,0.0
1991-06-30,1.328,6.9,428600.0,61.5581,82.1,1.6780000000000002,108330.0,0.0
1991-07-31,1.355,6.8,418250.0,61.7305,82.9,1.6218181818181818,108290.0,0.0
1991-08-31,1.466818181818182,6.9,431600.0,61.7298,82.0,1.7454545454545454,108300.0,0.0
1991-09-30,1.4685000000000001,6.9,424500.0,62.2195,83.0,1.8645,108335.0,0.0
1991-10-31,1.615,7.0,422750.0,62.1855,78.3,1.964090909090909,108361.0,0.0
1991-11-30,1.858421052631579,7.0,445400.0,62.0871,69.1,2.036842105263158,108300.0,0.0
1991-12-31,2.0628571428571427,7.3,456750.0,61.7852,68.2,2.1704761904761902,108330.0,0.0
1992-01-31,2.0742857142857143,7.3,439000.0,61.4616,67.5,2.0976190476190473,108365.0,0.0
1992-02-29,2.1257894736842107,7.4,442200.0,61.8955,68.8,1.888421052631579,108312.0,0.0
1992-03-31,1.8572727272727272,7.4,429500.0,62.4232,76.0,1.7063636363636363,108367.0,0.0
1992-04-30,2.136190476190476,7.4,418250.0,62.897,77.2,1.7285714285714284,108516.0,0.0
1992-05-31,2.1665,7.6,417400.0,63.104,79.2,1.7375,108646.0,0.0
1992-06-30,2.213636363636364,7.8,418750.0,63.1363,80.4,1.7863636363636362,108706.0,0.0
1992-07-31,2.489090909090909,7.7,442750.0,63.7176,76.6,1.9922727272727272,108793.0,0.0
1992-08-31,2.392857142857143,7.6,407200.0,63.3613,76.1,2.067142857142857,108916.0,0.0
1992-09-30,2.520952380952381,7.6,417000.0,63.5703,75.6,2.201428571428571,108951.0,0.0
1992-10-31,2.5061904761904765,7.3,377800.0,63.9995,73.3,2.2509523809523806,109139.0,0.0
1992-11-30,2.2936842105263158,7.4,362250.0,64.2422,85.3,2.084736842105263,109283.0,0.0
1992-12-31,2.096363636363636,7.4,339000.0,64.3507,91.0,2.0404545454545455,109502.0,0.0
1993-01-31,2.21,7.3,345600.0,64.5978,89.3,2.066315789473684,109790.0,0.0
1993-02-28,2.1605263157894736,7.1,338250.0,64.9089,86.6,2.1347368421052635,110047.0,0.0
1993-03-31,2.0256521739130435,7.0,351000.0,64.8522,85.9,2.170434782608696,110004.0,0.0
1993-04-30,2.131904761904762,7.1,354750.0,65.0301,85.6,2.170952380952381,110300.0,0.0
1993-05-31,2.0585,7.1,343600.0,64.784,80.3,2.1785,110571.0,0.0
1993-06-30,1.799090909090909,7.0,342750.0,64.9301,81.5,2.106818181818182,110742.0,0.0
1993-07-31,1.7333333333333332,6.9,350800.0,65.1052,77.0,2.128095238095238,111054.0,0.0
1993-08-31,1.6763636363636365,6.8,341000.0,65.0267,77.3,1.9172727272727272,111200.0,0.0
1993-09-30,1.512857142857143,6.7,339000.0,65.3717,77.9,1.9819047619047618,111448.0,0.0
1993-10-31,1.4594999999999998,6.8,349800.0,65.8509,82.7,1.98,111734.0,0.0
1993-11-30,1.5685,6.6,341000.0,66.1518,81.2,1.9364999999999999,111987.0,0.0
1993-12-31,1.5618181818181818,6.5,323000.0,66.5436,88.2,1.910909090909091,112325.0,0.0
1994-01-31,1.6105,6.6,359200.0,66.7351,94.3,1.8980000000000001,112601.0,0.0
1994-02-28,1.4989473684210526,6.6,348500.0,66.774,93.2,1.7905263157894737,112782.0,0.0
1994-03-31,1.4873913043478262,6.5,335750.0,67.4552,91.5,1.6465217391304348,113245.0,0.0
1994-04-30,1.4226315789473685,6.4,344000.0,67.8541,92.6,1.5505263157894738,113589.0,0.0
1994-05-31,1.2152380952380952,6.1,359000.0,68.1663,92.8,1.4404761904761905,113922.0,0.0
1994-06-30,1.17,6.1,340000.0,68.6265,91.2,1.5463636363636366,114239.0,0.0
1994-07-31,1.168,6.1,342200.0,68.7178,89.0,1.5055,114608.0,0.0
1994-08-31,1.058695652173913,6.0,336250.0,69.1785,91.7,1.5034782608695652,114902.0,0.0
1994-09-30,1.0647619047619048,5.9,330250.0,69.3961,91.5,1.520952380952381,115246.0,0.0
1994-10-31,1.0154999999999998,5.8,333400.0,69.9544,92.7,1.4605000000000001,115457.0,0.0
1994-11-30,0.8065,5.6,328000.0,70.4326,91.6,1.3575000000000002,115867.0,0.0
1994-12-31,0.22428571428571428,5.5,323200.0,71.1523,95.1,1.2895238095238095,116174.0,0.0
1995-01-31,0.2725,5.6,333500.0,71.2734,97.6,1.3025,116505.0,0.0
1995-02-28,0.35789473684210527,5.4,337750.0,71.193,95.1,1.3805263157894736,116694.0,0.0
1995-03-31,0.42913043478260865,5.4,340250.0,71.3113,90.3,1.4965217391304348,116908.0,0.0
1995-04-30,0.4947368421052632,5.8,350200.0,71.1882,92.5,1.5363157894736843,117066.0,0.0
1995-05-31,0.46181818181818185,5.6,370250.0,71.5378,89.8,1.5704545454545453,117046.0,0.0
1995-06-30,0.4522727272727272,5.6,366250.0,71.7749,92.7,1.7322727272727272,117291.0,0.0
1995-07-31,0.49799999999999994,5.7,371400.0,71.4748,94.4,1.7605,117382.0,0.0
1995-08-31,0.5073913043478261,5.7,356250.0,72.4223,96.2,1.7047826086956521,117646.0,0.0
1995-09-30,0.3915,5.6,362000.0,72.7144,88.9,1.737,117873.0,0.0
1995-10-31,0.3476190476190476,5.5,371500.0,72.5866,90.2,1.7052380952380954,118026.0,0.0
1995-11-30,0.45142857142857146,5.6,377000.0,72.7779,88.2,1.7542857142857144,118165.0,0.0
1995-12-31,0.387,5.6,365000.0,73.0305,91.0,1.779,118325.0,0.0
1996-01-31,0.54,5.6,374000.0,72.6125,89.3,1.8095238095238095,118317.0,0.0
1996-02-29,0.78,5.5,377250.0,73.6752,88.5,1.8210000000000002,118738.0,0.0
1996-03-31,0.6076190476190476,5.5,386400.0,73.585,93.7,1.7676190476190474,118992.0,0.0
1996-04-30,0.5540909090909091,5.6,359250.0,74.3172,92.7,1.6845454545454546,119158.0,0.0
1996-05-31,0.6418181818181817,5.6,344500.0,74.8726,89.4,1.560909090909091,119497.0,0.0
1996-06-30,0.615,5.3,342200.0,75.4433,92.4,1.488,119770.0,0.0
1996-07-31,0.5954545454545455,5.5,337000.0,75.4549,94.7,1.4877272727272726,120019.0,0.0
1996-08-31,0.6063636363636363,5.1,331800.0,75.8411,95.3,1.54,120198.0,0.0
1996-09-30,0.598,5.2,342750.0,76.3158,94.7,1.5130000000000001,120400.0,0.0
1996-10-31,0.620909090909091,5.2,339000.0,76.3384,96.5,1.5354545454545454,120665.0,0.0
1996-11-30,0.5021052631578947,5.4,336400.0,77.0397,99.2,1.5836842105263158,120947.0,0.0
1996-12-31,0.5204761904761904,5.4,353500.0,77.5333,96.9,1.5904761904761904,121143.0,0.0
1997-01-31,0.570952380952381,5.3,339000.0,77.6562,97.4,1.5171428571428571,121356.0,0.0
1997-02-28,0.5210526315789474,5.2,320750.0,78.5833,99.7,1.5221052631578948,121673.0,0.0
1997-03-31,0.4725,5.2,319400.0,79.082,100.0,1.488,121991.0,0.0
1997-04-30,0.43727272727272726,5.1,327000.0,79.1747,101.4,1.4513636363636364,122289.0,0.0
1997-05-31,0.4342857142857143,4.9,323800.0,79.6133,103.2,1.4919047619047618,122560.0,0.0
1997-06-30,0.3990476190476191,5.0,325500.0,79.9792,104.5,1.5266666666666668,122816.0,0.0
1997-07-31,0.32954545454545453,4.9,320250.0,80.6624,107.1,1.526818181818182,123114.0,0.0
1997-08-31,0.3595238095238095,4.8,330200.0,81.4694,104.4,1.518095238095238,123087.0,0.0
1997-09-30,0.32666666666666666,4.9,315250.0,82.2156,106.0,1.5042857142857142,123575.0,0.0
1997-10-31,0.25772727272727275,4.7,310000.0,82.9446,105.6,1.5422727272727272,123924.0,0.0
1997-11-30,0.1622222222222222,4.6,314600.0,83.5978,107.2,1.5438888888888889,124225.0,0.0
1997-12-31,0.09363636363636364,4.7,313250.0,83.9538,102.1,1.5172727272727273,124549.0,0.0
1998-01-31,0.1875,4.6,321200.0,84.3218,106.6,1.652,124806.0,0.0
1998-02-28,0.1568421052631579,4.6,319000.0,84.4583,110.4,1.681578947368421,125017.0,0.0
1998-03-31,0.08590909090909092,4.7,315000.0,84.488,106.5,1.6718181818181819,125165.0,0.0
1998-04-30,0.07333333333333333,4.3,311000.0,84.7779,108.7,1.6928571428571426,125445.0,0.0
1998-05-31,0.059,4.4,311200.0,85.3367,106.5,1.645,125845.0,0.0
1998-06-30,-0.023636363636363636,4.5,338000.0,84.8248,105.6,1.6377272727272727,126076.0,0.0
1998-07-31,0.0031818181818181815,4.5,333000.0,84.4986,105.2,1.6877272727272725,126212.0,0.0
1998-08-31,0.07333333333333333,4.5,312600.0,86.248,104.4,1.8014285714285714,126546.0,0.0
1998-09-30,0.14047619047619048,4.6,304000.0,86.2021,100.9,2.281428571428571,126744.0,0.0
1998-10-31,0.43809523809523804,4.5,310600.0,86.7914,97.4,2.6523809523809527,126949.0,0.0
1998-11-30,0.28736842105263155,4.4,316000.0,86.7256,102.7,2.5105263157894737,127222.0,0.0
1998-12-31,0.13863636363636364,4.4,316000.0,87.1185,100.5,2.5813636363636365,127595.0,0.0
1999-01-31,0.1068421052631579,4.3,326200.0,87.4949,103.9,2.5657894736842106,127699.0,0.0
1999-02-28,0.12263157894736842,4.4,301500.0,88.027,108.1,2.39,128117.0,0.0
1999-03-31,0.17956521739130435,4.2,302750.0,88.2267,105.7,2.301304347826087,128234.0,0.0
1999-04-30,0.20772727272727273,4.3,308500.0,88.4295,104.6,2.2945454545454544,128595.0,0.0
1999-05-31,0.28500000000000003,4.2,301600.0,88.9886,106.8,2.1825,128813.0,0.0
1999-06-30,0.2809090909090909,4.3,294000.0,88.9188,107.3,2.1154545454545453,129084.0,0.0
1999-07-31,0.23714285714285716,4.3,298000.0,89.4333,106.0,2.1561904761904764,129422.0,0.0
1999-08-31,0.2609090909090909,4.2,290750.0,89.7924,104.5,2.2150000000000003,129572.0,0.0
1999-09-30,0.25333333333333335,4.2,289500.0,89.4299,107.2,2.2871428571428574,129771.0,0.0
1999-10-31,0.2495,4.1,290400.0,90.523,103.2,2.266,130178.0,0.0
1999-11-30,0.172,4.1,281750.0,90.9618,107.2,2.1165,130466.0,0.0
1999-12-31,0.1709090909090909,4.0,278500.0,91.6634,105.4,1.9118181818181819,130783.0,0.0
2000-01-31,0.221,4.0,288400.0,91.538,112.0,1.6715,131011.0,0.0
2000-02-29,-0.091,4.1,293750.0,91.8239,111.3,1.7675,131120.0,0.0
2000-03-31,-0.2717391304347826,4.0,274750.0,92.1504,107.1,2.110869565217391,131604.0,0.0
2000-04-30,-0.4131578947368421,3.8,271600.0,92.6989,109.2,2.411578947368421,131884.0,0.0
2000-05-31,-0.3690909090909091,4.0,282250.0,92.9499,110.7,2.46,132105.0,0.0
2000-06-30,-0.3845454545454546,4.0,291000.0,92.9862,106.4,2.385,132063.0,0.0
2000-07-31,-0.28500000000000003,4.0,295000.0,92.8048,108.3,2.2925,132228.0,0.0
2000-08-31,-0.4026086956521739,4.1,312750.0,92.5521,107.3,2.429130434782609,132234.0,0.0
2000-09-30,-0.28250000000000003,3.9,300200.0,92.9792,106.8,2.5469999999999997,132337.0,0.0
2000-10-31,-0.1738095238095238,3.9,301000.0,92.6179,105.8,2.602857142857143,132352.0,0.0
2000-11-30,-0.15809523809523812,3.9,334250.0,92.6438,107.6,2.5619047619047617,132556.0,0.0
2000-12-31,-0.1115,3.9,346000.0,92.3415,98.4,2.7824999999999998,132716.0,0.0
2001-01-31,0.40095238095238095,4.2,340000.0,91.902,94.7,2.7676190476190476,132703.0,0.0
2001-02-28,0.4421052631578948,4.2,371250.0,91.3034,90.6,2.774736842105263,132788.0,0.0
2001-03-31,0.5431818181818181,4.3,387200.0,91.1162,91.5,2.958636363636364,132751.0,0.0
2001-04-30,0.907,4.4,396750.0,90.7891,88.4,2.9274999999999998,132458.0,1.0
2001-05-31,1.1313636363636363,4.3,394500.0,90.3555,92.0,2.680454545454545,132408.0,1.0
2001-06-30,1.2042857142857142,4.5,397200.0,89.8784,92.6,2.6904761904761907,132300.0,1.0
2001-07-31,1.1976190476190476,4.6,398000.0,89.3028,92.4,2.7338095238095237,132172.0,1.0
2001-08-31,1.2139130434782608,4.9,398000.0,89.2003,91.5,2.8773913043478263,132021.0,1.0
2001-09-30,1.6129411764705883,5.0,435000.0,88.7485,81.8,3.2958823529411765,131763.0,1.0
2001-10-31,1.8409090909090908,5.3,480750.0,88.5052,82.7,3.3400000000000003,131452.0,1.0
2001-11-30,1.8690000000000002,5.5,447500.0,87.97,83.9,3.1614999999999998,131144.0,1.0
2001-12-31,1.9805,5.7,416800.0,87.9324,88.8,2.9657894736842105,130983.0,0.0
2002-01-31,2.0076190476190474,5.7,408500.0,88.5176,93.0,2.833809523809524,130859.0,0.0
2002-02-28,1.8963157894736842,5.7,399000.0,88.5278,90.7,2.9789473684210526,130737.0,0.0
2002-03-31,1.7265000000000001,5.7,415400.0,89.1686,95.7,2.822,130722.0,0.0
2002-04-30,1.7881818181818183,5.9,429250.0,89.604,93.0,2.821818181818182,130616.0,0.0
2002-05-31,1.9004545454545456,5.8,409000.0,89.964,96.9,2.9231818181818183,130632.0,0.0
2002-06-30,1.9335,5.8,387200.0,90.7061,92.4,3.0235,130674.0,0.0
2002-07-31,2.096363636363636,5.8,386000.0,90.6769,88.1,3.244545454545454,130584.0,0.0
2002-08-31,2.1236363636363635,5.7,393600.0,90.5762,87.6,3.3245454545454547,130581.0,0.0
2002-09-30,1.8655000000000002,5.7,409500.0,90.6531,86.1,3.526,130502.0,0.0
2002-10-31,2.0290909090909093,5.7,407500.0,90.4643,80.6,3.7927272727272725,130617.0,0.0
2002-11-30,2.125263157894737,5.9,392200.0,90.9711,84.2,3.568947368421053,130616.0,0.0
2002-12-31,2.1961904761904765,6.0,414250.0,90.4652,86.7,3.4161904761904758,130465.0,0.0
2003-01-31,2.305238095238095,5.8,395000.0,91.2361,82.4,3.2990476190476192,130573.0,0.0
2003-02-28,2.274736842105263,5.9,411000.0,91.3445,79.9,3.1542105263157896,130441.0,0.0
2003-03-31,2.2333333333333334,5.9,427400.0,91.1044,77.6,3.141904761904762,130235.0,0.0
2003-04-30,2.336190476190476,6.0,436250.0,90.5617,86.0,2.894285714285714,130173.0,0.0
2003-05-31,2.1538095238095236,6.1,424000.0,90.537,92.1,2.809047619047619,130197.0,0.0
2003-06-30,2.107142857142857,6.3,421750.0,90.6527,89.7,2.856190476190476,130186.0,0.0
2003-07-31,2.5013636363636365,6.2,411500.0,91.1185,90.9,2.640909090909091,130184.0,0.0
2003-08-31,2.580952380952381,6.1,400200.0,90.9197,89.3,2.5666666666666664,130153.0,0.0
2003-09-30,2.568095238095238,6.1,395500.0,91.5059,87.7,2.5157142857142856,130252.0,0.0
2003-10-31,2.5427272727272725,6.0,382000.0,91.6186,89.6,2.442272727272727,130439.0,0.0
2003-11-30,2.373333333333333,5.8,363000.0,92.2329,93.7,2.3577777777777778,130480.0,0.0
2003-12-31,2.3604545454545454,5.7,358250.0,92.2602,92.6,2.3286363636363636,130589.0,0.0
2004-01-31,2.3895,5.7,360200.0,92.4006,103.8,2.2915,130756.0,0.0
2004-02-29,2.3442105263157895,5.6,360750.0,92.958,94.4,2.181052631578947,130821.0,0.0
2004-03-31,2.248695652173913,5.8,342000.0,92.5861,95.8,2.2878260869565215,131140.0,0.0
2004-04-30,2.276666666666667,5.6,348250.0,92.93,94.2,2.111428571428571,131412.0,0.0
2004-05-31,2.182,5.6,336200.0,93.6013,90.2,2.0315,131697.0,0.0
2004-06-30,1.9704761904761903,5.6,349000.0,92.871,95.6,2.05,131794.0,0.0
2004-07-31,1.8595238095238094,5.5,343000.0,93.5649,96.7,2.124285714285714,131854.0,0.0
2004-08-31,1.7731818181818182,5.4,340750.0,93.6277,95.9,2.1818181818181817,131939.0,0.0
2004-09-30,1.6004761904761904,5.4,337250.0,93.7467,94.2,2.142857142857143,132089.0,0.0
2004-10-31,1.5125,5.5,334000.0,94.5465,91.7,2.1079999999999997,132429.0,0.0
2004-11-30,1.342,5.4,328750.0,94.7813,92.8,2.009,132503.0,0.0
2004-12-31,1.219090909090909,5.4,325250.0,95.5365,97.1,1.9227272727272726,132630.0,0.0
2005-01-31,0.999,5.3,343400.0,95.8801,95.5,1.796,132781.0,0.0
2005-02-28,0.7805263157894737,5.4,311750.0,96.5761,94.1,1.6505263157894736,133034.0,0.0
2005-03-31,0.770909090909091,5.2,332000.0,96.4456,92.6,1.5631818181818182,133154.0,0.0
2005-04-30,0.6871428571428572,5.2,323200.0,96.6532,87.7,1.7080952380952379,133520.0,0.0
2005-05-31,0.5004761904761905,5.1,327000.0,96.7402,86.9,1.861904761904762,133689.0,0.0
2005-06-30,0.3577272727272727,5.0,325750.0,97.1753,96.0,1.86,133948.0,0.0
2005-07-31,0.3065,5.0,324400.0,96.8676,96.5,1.775,134300.0,0.0
2005-08-31,0.21826086956521742,4.9,315750.0,97.1833,89.1,1.6995652173913043,134502.0,0.0
2005-09-30,0.2528571428571429,5.0,382750.0,95.3005,76.9,1.83,134552.0,0.0
2005-10-31,0.1925,5.0,352200.0,96.4572,74.2,1.8345000000000002,134641.0,0.0
2005-11-30,0.11850000000000001,5.0,317250.0,97.5414,81.6,1.855,134997.0,0.0
2005-12-31,0.06285714285714286,4.9,316400.0,98.0452,91.5,1.8538095238095238,135159.0,0.0
2006-01-31,0.020499999999999997,4.7,295750.0,98.1999,91.2,1.8210000000000002,135427.0,0.0
2006-02-28,-0.09947368421052633,4.8,290750.0,98.2413,86.7,1.7010526315789474,135733.0,0.0
2006-03-31,-0.009999999999999998,4.7,301750.0,98.4628,88.9,1.6873913043478261,136038.0,0.0
2006-04-30,0.10157894736842105,4.7,303600.0,98.7618,87.4,1.69,136210.0,0.0
2006-05-31,0.14181818181818182,4.6,332750.0,98.7869,79.1,1.6354545454545453,136249.0,0.0
2006-06-30,-0.015454545454545453,4.6,305500.0,99.0997,84.9,1.6731818181818179,136337.0,0.0
2006-07-31,-0.031,4.7,318800.0,99.0489,84.7,1.6745,136529.0,0.0
2006-08-31,-0.026956521739130435,4.7,314250.0,99.4836,82.0,1.7117391304347824,136692.0,0.0
2006-09-30,-0.05,4.5,316200.0,99.3183,85.4,1.7109999999999999,136826.0,0.0
2006-10-31,-0.06666666666666668,4.4,315500.0,99.2044,93.6,1.6952380952380952,136843.0,0.0
2006-11-30,-0.14523809523809525,4.5,326250.0,99.1627,92.1,1.6085714285714285,137060.0,0.0
2006-12-31,-0.10900000000000001,4.4,324000.0,100.1735,91.7,1.654,137249.0,0.0
2007-01-31,-0.11666666666666667,4.6,317250.0,99.8346,96.9,1.5833333333333333,137472.0,0.0
2007-02-28,-0.12631578947368421,4.5,322750.0,100.7753,91.3,1.5531578947368423,137560.0,0.0
2007-03-31,-0.009090909090909092,4.4,309400.0,100.9547,88.4,1.7031818181818181,137784.0,0.0
2007-04-30,0.027619047619047623,4.5,320250.0,101.6334,87.1,1.6995238095238094,137847.0,0.0
2007-05-31,-0.02,4.4,304250.0,101.7306,88.3,1.6390909090909092,137992.0,0.0
2007-06-30,0.12238095238095237,4.6,315200.0,101.7893,85.3,1.5942857142857145,138070.0,0.0
2007-07-31,0.18523809523809526,4.7,313250.0,101.6672,90.4,1.648095238095238,138044.0,0.0
2007-08-31,0.3617391304347826,4.6,320000.0,101.863,83.4,1.977391304347826,138013.0,0.0
2007-09-30,0.51,4.7,313400.0,102.0894,83.4,2.0705263157894733,138099.0,0.0
2007-10-31,0.56,4.7,328250.0,101.8015,80.9,1.9518181818181817,138175.0,0.0
2007-11-30,0.8119999999999999,4.7,336000.0,102.3446,76.1,2.2465,138290.0,0.0
2007-12-31,0.9804999999999999,5.0,348200.0,102.3803,75.5,2.548,138395.0,0.0
2008-01-31,1.2685714285714287,5.0,338750.0,102.2448,78.4,2.7966666666666664,138391.0,1.0
2008-02-29,1.7645,4.9,346750.0,101.8438,70.8,3.086,138329.0,1.0
2008-03-31,1.893,5.1,363400.0,101.5336,69.5,3.3825000000000003,138259.0,1.0
2008-04-30,1.627727272727273,5.0,359500.0,100.8785,62.6,3.2922727272727275,138040.0,1.0
2008-05-31,1.4342857142857142,5.4,366800.0,100.2674,59.8,3.0490476190476192,137851.0,1.0
2008-06-30,1.3257142857142856,5.6,383250.0,100.0335,56.4,2.974285714285714,137700.0,1.0
2008-07-31,1.4345454545454546,5.8,398000.0,99.676,61.2,3.151818181818182,137497.0,1.0
2008-08-31,1.4652380952380952,6.1,433000.0,98.1111,63.0,3.2628571428571425,137211.0,1.0
2008-09-30,1.61,6.1,464000.0,93.7895,70.3,3.625714285714286,136760.0,1.0
2008-10-31,2.2018181818181817,6.5,475250.0,94.7219,57.6,5.0631818181818184,136291.0,1.0
2008-11-30,2.3138888888888887,6.8,519800.0,93.4715,55.3,5.685,135541.0,1.0
2008-12-31,1.5954545454545455,7.3,564000.0,90.8357,60.1,6.013636363636365,134847.0,1.0
2009-01-31,1.7105000000000001,7.8,572000.0,88.57,61.2,5.6259999999999994,134079.0,1.0
2009-02-28,1.894736842105263,8.3,644000.0,88.031,56.3,5.214736842105263,133318.0,1.0
2009-03-31,1.8881818181818182,8.7,659250.0,86.6528,57.3,5.6000000000000005,132494.0,1.0
2009-04-30,2.0,9.0,627750.0,85.9344,65.1,5.46047619047619,131822.0,1.0
2009-05-31,2.3635,9.4,612000.0,85.0665,68.7,4.7705,131466.0,1.0
2009-06-30,2.5377272727272726,9.5,598250.0,84.7459,70.8,3.7731818181818184,131008.0,1.0
2009-07-31,2.5431818181818184,9.5,566500.0,85.7027,66.0,3.5254545454545454,130662.0,0.0
2009-08-31,2.4719047619047623,9.6,559200.0,86.6426,65.7,2.989047619047619,130472.0,0.0
2009-09-30,2.4457142857142857,9.8,547500.0,87.4063,73.5,2.910952380952381,130246.0,0.0
2009-10-31,2.4385714285714286,10.0,525400.0,87.6419,70.6,2.9042857142857144,130061.0,0.0
2009-11-30,2.599473684210526,9.9,494000.0,88.0221,67.4,2.916842105263158,130057.0,0.0
2009-12-31,2.7154545454545453,9.9,485500.0,88.3793,72.5,2.777727272727273,129808.0,0.0
2010-01-31,2.8042105263157895,9.8,479800.0,89.3426,74.4,2.5147368421052634,129802.0,0.0
2010-02-28,2.8342105263157897,9.8,485750.0,89.6779,73.6,2.650526315789474,129706.0,0.0
2010-03-31,2.7686956521739132,9.9,470250.0,90.2928,73.6,2.5473913043478262,129866.0,0.0
2010-04-30,2.786363636363636,9.9,469000.0,90.5991,72.2,2.4077272727272727,130120.0,0.0
2010-05-31,2.5895,9.6,459400.0,91.823,73.6,2.631,130642.0,0.0
2010-06-30,2.4795454545454545,9.4,460500.0,91.9928,76.0,3.0263636363636364,130510.0,0.0
2010-07-31,2.394761904761905,9.4,459200.0,92.3421,67.8,2.9995238095238097,130415.0,0.0
2010-08-31,2.178181818181818,9.5,475000.0,92.6805,68.9,2.964090909090909,130415.0,0.0
2010-09-30,2.1676190476190476,9.5,453500.0,92.9537,68.2,3.0104761904761905,130341.0,0.0
2010-10-31,2.164,9.4,446800.0,92.6903,67.7,3.1755,130620.0,0.0
2010-11-30,2.309,9.8,426250.0,92.7709,71.6,3.1574999999999998,130749.0,0.0
2010-12-31,2.6727272727272724,9.3,420250.0,93.6787,74.5,2.805454545454545,130830.0,0.0
2011-01-31,2.7794999999999996,9.1,426800.0,93.4814,74.2,2.694,130837.0,0.0
2011-02-28,2.803684210526316,9.0,401500.0,93.1102,77.5,2.571578947368421,131057.0,0.0
2011-03-31,2.7169565217391307,9.0,406000.0,94.0788,67.5,2.6204347826086956,131283.0,0.0
2011-04-30,2.7205000000000004,9.1,420600.0,93.7749,69.8,2.568,131597.0,0.0
2011-05-31,2.6133333333333333,9.0,422500.0,93.888,74.3,2.6128571428571425,131703.0,0.0
2011-06-30,2.591818181818182,9.1,418250.0,94.172,71.5,2.7490909090909095,131931.0,0.0
2011-07-31,2.5965,9.0,412600.0,94.636,63.7,2.7565,131992.0,0.0
2011-08-31,2.072608695652174,9.0,409500.0,95.2749,55.8,3.058695652173913,132125.0,0.0
2011-09-30,1.7638095238095237,9.0,417750.0,95.1961,59.5,3.2952380952380955,132344.0,0.0
2011-10-31,1.8715,8.8,402400.0,95.8568,60.8,3.2195,132553.0,0.0
2011-11-30,1.7600000000000002,8.6,389250.0,95.8485,63.7,3.1245000000000003,132690.0,0.0
2011-12-31,1.720952380952381,8.5,377000.0,96.3571,69.9,3.2723809523809524,132888.0,0.0
2012-01-31,1.7260000000000002,8.3,377750.0,96.9318,75.0,3.2619999999999996,133246.0,0.0
2012-02-29,1.6895,8.3,363250.0,97.2435,75.3,3.1745,133509.0,0.0
2012-03-31,1.8281818181818181,8.2,366600.0,96.74,76.2,3.0604545454545455,133748.0,0.0
2012-04-30,1.7609523809523808,8.2,381750.0,97.4359,76.4,3.1409523809523807,133825.0,0.0
2012-05-31,1.518181818181818,8.2,373500.0,97.6609,79.3,3.2654545454545456,133932.0,0.0
2012-06-30,1.3304761904761906,8.2,379200.0,97.6663,73.2,3.3980952380952383,134013.0,0.0
2012-07-31,1.2785714285714287,8.2,372500.0,97.8713,72.3,3.3452380952380953,134157.0,0.0
2012-08-31,1.4095652173913045,8.1,373250.0,97.4525,74.3,3.2291304347826086,134339.0,0.0
2012-09-30,1.4678947368421054,7.8,381800.0,97.381,78.3,3.1184210526315788,134517.0,0.0
2012-10-31,1.469047619047619,7.8,368500.0,97.7193,82.6,2.8380952380952382,134669.0,0.0
2012-11-30,1.386,7.7,401250.0,98.0777,82.7,2.8565,134825.0,0.0
2012-12-31,1.462,7.9,359000.0,98.3101,72.9,2.9085,135074.0,0.0
2013-01-31,1.6495238095238096,8.0,353000.0,98.3342,73.8,2.8195238095238095,135257.0,0.0
2013-02-28,1.7168421052631577,7.7,353000.0,98.7941,77.6,2.8626315789473686,135546.0,0.0
2013-03-31,1.7015,7.5,351800.0,99.1921,78.6,2.897,135689.0,0.0
2013-04-30,1.526818181818182,7.6,347250.0,99.1065,76.4,2.8318181818181816,135873.0,0.0
2013-05-31,1.6777272727272725,7.5,347750.0,99.1839,84.5,2.7977272727272724,136096.0,0.0
2013-06-30,1.9665,7.5,344600.0,99.3897,84.1,2.8899999999999997,136279.0,0.0
2013-07-31,2.2413636363636367,7.3,346000.0,99.0814,85.1,2.7404545454545453,136391.0,0.0
2013-08-31,2.380909090909091,7.2,333400.0,99.6543,82.1,2.6872727272727275,136646.0,0.0
2013-09-30,2.4055,7.2,314000.0,100.161,77.5,2.6559999999999997,136821.0,0.0
2013-10-31,2.2804545454545457,7.2,358500.0,100.082,73.2,2.6922727272727274,137041.0,0.0
2013-11-30,2.4147368421052633,6.9,328200.0,100.3158,75.1,2.665263157894737,137317.0,0.0
2013-12-31,2.5619047619047617,6.7,346000.0,100.5175,82.5,2.4823809523809524,137372.0,0.0
2014-01-31,2.4642857142857144,6.6,326750.0,100.1599,81.2,2.334761904761905,137561.0,0.0
2014-02-28,2.382631578947368,6.7,335250.0,100.9168,81.6,2.3899999999999997,137712.0,0.0
2014-03-31,2.3242857142857143,6.7,321000.0,101.8942,80.0,2.340952380952381,137985.0,0.0
2014-04-30,2.288095238095238,6.2,322750.0,101.9928,84.1,2.199047619047619,138298.0,0.0
2014-05-31,2.17,6.3,313800.0,102.3836,81.9,2.203809523809524,138513.0,0.0
2014-06-30,2.146190476190476,6.1,313500.0,102.735,82.5,2.2,138849.0,0.0
2014-07-31,2.0359090909090907,6.2,301750.0,102.9632,81.8,2.1922727272727274,139072.0,0.0
2014-08-31,1.9476190476190476,6.1,302000.0,102.7688,82.5,2.2704761904761903,139269.0,0.0
2014-09-30,1.9676190476190476,5.9,295000.0,103.0641,84.6,2.268095238095238,139563.0,0.0
2014-10-31,1.8586363636363636,5.7,288750.0,103.0764,86.9,2.3836363636363633,139798.0,0.0
2014-11-30,1.7983333333333331,5.8,291600.0,103.7126,88.8,2.4594444444444448,140089.0,0.0
2014-12-31,1.5718181818181818,5.6,284500.0,103.7044,93.6,2.5304545454545457,140364.0,0.0
2015-01-31,1.33,5.7,287600.0,102.8905,98.1,2.573,140568.0,0.0
2015-02-28,1.3563157894736841,5.5,301250.0,102.2335,95.4,2.531578947368421,140827.0,0.0
2015-03-31,1.4022727272727273,5.4,284000.0,101.8914,93.0,2.4963636363636366,140923.0,0.0
2015-04-30,1.395,5.4,286000.0,101.3355,95.9,2.549090909090909,141196.0,0.0
2015-05-31,1.5885,5.6,274000.0,100.8883,90.7,2.691,141538.0,0.0
2015-06-30,1.675,5.3,273750.0,100.571,96.1,2.7618181818181817,141709.0,0.0
2015-07-31,1.656818181818182,5.2,277750.0,101.2228,93.1,2.877272727272727,141991.0,0.0
2015-08-31,1.4695238095238095,5.1,275200.0,101.0367,91.9,3.020952380952381,142125.0,0.0
2015-09-30,1.4595238095238094,5.0,269500.0,100.7547,87.2,3.1680952380952383,142275.0,0.0
2015-10-31,1.4252380952380952,5.0,267000.0,100.2675,90.0,3.2714285714285714,142579.0,0.0
2015-11-30,1.378421052631579,5.1,268500.0,99.5298,91.3,3.194736842105263,142808.0,0.0
2015-12-31,1.26,5.0,271000.0,99.0417,92.6,3.2122727272727274,143077.0,0.0
2016-01-31,1.1857894736842105,4.8,279600.0,99.5607,92.0,3.3626315789473686,143210.0,0.0
2016-02-29,1.046,4.9,266750.0,99.0445,91.7,3.559,143406.0,0.0
2016-03-31,1.014090909090909,5.0,263250.0,98.3096,91.0,3.244545454545454,143662.0,0.0
2016-04-30,1.0371428571428571,5.1,266000.0,98.6421,89.0,2.98,143854.0,0.0
2016-05-31,0.99,4.8,274500.0,98.4184,94.7,2.8704761904761904,143900.0,0.0
2016-06-30,0.9127272727272728,4.9,265250.0,98.8833,93.5,2.880909090909091,144147.0,0.0
2016-07-31,0.8314999999999999,4.8,259400.0,98.9992,90.0,2.7145,144520.0,0.0
2016-08-31,0.8191304347826087,4.9,263500.0,98.85,89.8,2.6839130434782605,144661.0,0.0
2016-09-30,0.8595238095238096,5.0,251500.0,98.7457,91.2,2.680952380952381,144967.0,0.0
2016-10-31,0.9215,4.9,255800.0,98.7611,87.2,2.612,145065.0,0.0
2016-11-30,1.1625,4.7,245750.0,98.3491,93.8,2.566,145183.0,0.0
2016-12-31,1.2952380952380953,4.7,252200.0,99.0214,98.2,2.335238095238095,145408.0,0.0
2017-01-31,1.226,4.7,244000.0,98.7611,98.5,2.228,145628.0,0.0
2017-02-28,1.2178947368421054,4.6,230250.0,98.3646,96.3,2.2221052631578946,145846.0,0.0
2017-03-31,1.168695652173913,4.4,233750.0,99.0137,96.9,2.2,145970.0,0.0
2017-04-30,1.0563157894736843,4.4,227800.0,100.0224,97.0,2.272105263157895,146175.0,0.0
2017-05-31,1.0018181818181817,4.4,239000.0,100.1408,97.1,2.245909090909091,146380.0,0.0
2017-06-30,0.8445454545454546,4.3,248000.0,100.3471,95.0,2.183181818181818,146583.0,0.0
2017-07-31,0.9455,4.3,250800.0,100.1068,93.4,2.0715,146772.0,0.0
2017-08-31,0.8739130434782609,4.4,247750.0,99.6925,96.8,2.1008695652173914,146919.0,0.0
2017-09-30,0.8175000000000001,4.3,272400.0,99.7954,95.1,2.1015,147008.0,0.0
2017-10-31,0.8104761904761905,4.2,242250.0,101.0247,100.7,1.9557142857142857,147149.0,0.0
2017-11-30,0.6566666666666666,4.2,247750.0,101.2664,98.5,1.9154999999999998,147372.0,0.0
2017-12-31,0.5585,4.1,242600.0,101.4644,95.9,1.8210000000000002,147523.0,0.0
2018-01-31,0.5519047619047619,4.0,235250.0,101.4625,95.7,1.6723809523809523,147660.0,0.0
2018-02-28,0.6836842105263158,4.1,221000.0,101.7085,99.7,1.65,148054.0,0.0
2018-03-31,0.5666666666666667,4.0,225800.0,102.2067,101.4,1.7976190476190477,148280.0,0.0
2018-04-30,0.4847619047619047,4.0,221500.0,103.3329,98.8,1.8000000000000003,148420.0,0.0
2018-05-31,0.4659090909090909,3.8,221250.0,102.4024,98.0,1.8477272727272727,148742.0,0.0
2018-06-30,0.379047619047619,4.0,222600.0,103.198,98.2,1.9223809523809523,148960.0,0.0
2018-07-31,0.28238095238095234,3.8,209500.0,103.3646,97.9,1.9023809523809525,149020.0,0.0
2018-08-31,0.2534782608695652,3.8,208500.0,104.0327,96.2,1.8769565217391304,149277.0,0.0
2018-09-30,0.23631578947368423,3.7,205200.0,104.1004,100.1,1.8794736842105264,149358.0,0.0
2018-10-31,0.2913636363636364,3.8,213000.0,103.9856,98.6,1.913181818181818,149527.0,0.0
2018-11-30,0.258,3.8,225250.0,104.0681,97.5,2.107,149617.0,0.0
2018-12-31,0.1563157894736842,3.9,224600.0,104.0936,98.3,2.3010526315789472,149809.0,0.0
2019-01-31,0.17047619047619048,4.0,222750.0,103.4021,91.2,2.4061904761904764,150060.0,0.0
2019-02-28,0.17210526315789473,3.8,222500.0,102.8371,93.8,2.2710526315789474,150067.0,0.0
2019-03-31,0.16142857142857142,3.8,211800.0,102.8757,98.4,2.264761904761905,150295.0,0.0
2019-04-30,0.18761904761904763,3.7,209750.0,102.274,97.2,2.170952380952381,150591.0,0.0
2019-05-31,0.18863636363636366,3.6,218500.0,102.392,100.0,2.2331818181818184,150618.0,0.0
2019-06-30,0.26,3.6,225200.0,102.4375,98.2,2.3865,150838.0,0.0
2019-07-31,0.2240909090909091,3.7,208500.0,101.9408,98.4,2.22,150937.0,0.0
2019-08-31,0.055,3.6,211000.0,102.639,89.8,2.247272727272727,151169.0,0.0
2019-09-30,0.051500000000000004,3.5,209500.0,102.2917,93.2,2.215,151365.0,0.0
2019-10-31,0.15545454545454546,3.6,212250.0,101.4281,95.5,2.2181818181818183,151460.0,0.0
2019-11-30,0.19947368421052633,3.6,224400.0,101.9372,96.8,2.128947368421053,151667.0,0.0
2019-12-31,0.24952380952380954,3.6,236000.0,101.7003,99.3,2.0157142857142856,151794.0,0.0
2020-01-31,0.23857142857142857,3.6,215500.0,101.0338,99.8,2.0142857142857142,152031.0,0.0
2020-02-29,0.1731578947368421,3.5,210200.0,101.3735,101.0,2.106842105263158,152293.0,0.0
2020-03-31,0.42181818181818187,4.4,2335250.0,97.4078,89.1,3.4181818181818184,150895.0,1.0
2020-04-30,0.43285714285714283,14.8,4663250.0,84.5619,71.8,3.4695238095238095,130426.0,1.0
2020-05-31,0.5035000000000001,13.2,2173400.0,85.9604,72.3,3.28,133040.0,0.0
2020-06-30,0.5436363636363637,11.0,1490250.0,91.5934,78.1,2.9131818181818185,137671.0,0.0
2020-07-31,0.4754545454545455,10.2,1383500.0,95.0256,72.5,2.6895454545454545,139255.0,0.0
2020-08-31,0.5104761904761905,8.4,922400.0,95.9549,74.1,2.624285714285714,140821.0,0.0
2020-09-30,0.5447619047619048,7.8,851750.0,95.9669,80.4,2.684761904761905,141770.0,0.0
2020-10-31,0.6376190476190476,6.9,795400.0,96.7394,81.8,2.6523809523809527,142460.0,0.0
2020-11-30,0.7042105263157895,6.7,751250.0,97.0816,76.9,2.4257894736842105,142733.0,0.0
2020-12-31,0.7977272727272727,6.7,836750.0,98.363,80.7,2.2304545454545455,142548.0,0.0
2021-01-31,0.9500000000000001,6.4,827800.0,98.8822,79.0,2.1626315789473685,142863.0,0.0
2021-02-28,1.1426315789473684,6.2,755000.0,95.6149,76.8,2.1631578947368424,143380.0,0.0
2021-03-31,1.463913043478261,6.1,669250.0,98.3856,84.9,2.1317391304347826,144232.0,0.0
2021-04-30,1.471818181818182,6.1,589000.0,98.5587,88.3,1.9723809523809526,144587.0,0.0
2021-05-31,1.466,5.8,469200.0,99.4333,82.9,1.9989999999999999,145065.0,0.0
2021-06-30,1.3163636363636364,5.9,409500.0,99.7987,85.5,1.9259090909090908,145820.0,0.0
2021-07-31,1.099047619047619,5.4,370000.0,100.2519,81.2,1.926190476190476,146762.0,0.0
2021-08-31,1.0659090909090911,5.1,359750.0,100.0437,70.3,1.9563636363636363,147314.0,0.0
2021-09-30,1.1338095238095238,4.7,354750.0,98.8579,72.8,1.8552380952380954,147771.0,0.0
2021-10-31,1.19,4.5,284400.0,100.1861,71.7,1.7705000000000002,148572.0,0.0
2021-11-30,1.0515,4.1,236500.0,100.8654,67.4,1.7235,149230.0,0.0
2021-12-31,0.785,3.9,216250.0,100.5726,70.6,1.8338095238095238,149816.0,0.0
2022-01-31,0.7835,4.0,239200.0,100.1856,67.2,1.8210000000000002,150006.0,0.0
2022-02-28,0.49894736842105264,3.9,219000.0,100.8064,62.8,2.033684210526316,150825.0,0.0
2022-03-31,0.21826086956521737,3.7,215000.0,101.3907,59.4,2.166086956521739,151315.0,0.0
2022-04-30,0.20950000000000002,3.7,213000.0,101.44,65.2,1.9114999999999998,151623.0,0.0
2022-05-31,0.2814285714285714,3.6,209750.0,101.3335,58.4,2.218571428571429,151924.0,0.0
2022-06-30,0.14523809523809525,3.6,212500.0,101.018,50.0,2.124285714285714,152358.0,0.0
2022-07-31,-0.13999999999999999,3.5,218200.0,101.223,51.5,2.3175,153072.0,0.0
2022-08-31,-0.3521739130434782,3.6,216500.0,101.0963,58.2,2.254782608695652,153362.0,0.0
2022-09-30,-0.3376190476190476,3.5,197500.0,101.2918,58.6,2.1747619047619047,153582.0,0.0
2022-10-31,-0.3915,3.6,202600.0,101.2529,59.9,2.277,153939.0,0.0
2022-11-30,-0.6125,3.6,210750.0,100.9552,56.7,2.1745,154242.0,0.0
2022-12-31,-0.6723809523809524,3.5,208200.0,99.7664,59.8,1.9776190476190476,154342.0,0.0
2023-01-31,-0.6759999999999999,3.5,204500.0,100.505,64.9,1.9705,154776.0,0.0
2023-02-28,-0.7868421052631579,3.6,214750.0,100.6416,66.9,1.8473684210526315,155066.0,0.0
2023-03-31,-0.6395652173913043,3.5,229000.0,101.0205,62.0,2.051304347826087,155134.0,0.0
2023-04-30,-0.5559999999999999,3.4,216400.0,101.253,63.7,2.0694736842105264,155375.0,0.0
2023-05-31,-0.5581818181818181,3.6,226000.0,100.9286,59.0,2.192727272727273,155655.0,0.0
2023-06-30,-0.8914285714285713,3.6,250750.0,100.1196,64.2,2.0061904761904765,155880.0,0.0
2023-07-31,-0.9289999999999999,3.5,235200.0,100.9067,71.5,1.842,156043.0,0.0
2023-08-31,-0.7339130434782608,3.7,245000.0,100.8393,69.4,1.8495652173913044,156261.0,0.0
2023-09-30,-0.643,3.7,218600.0,101.0211,67.8,1.777,156417.0,0.0
2023-10-31,-0.26952380952380955,3.9,210250.0,100.4689,63.8,1.8314285714285714,156576.0,0.0
2023-11-30,-0.3795238095238095,3.7,218000.0,100.8639,61.3,1.789047619047619,156703.0,0.0
2023-12-31,-0.437,3.8,207800.0,100.6031,69.7,1.6219999999999999,156857.0,0.0
2024-01-31,-0.2647619047619048,3.7,211500.0,99.2223,79.0,1.619047619047619,157032.0,0.0
2024-02-29,-0.3365,3.9,210000.0,100.285,76.9,1.5585,157238.0,0.0
2024-03-31,-0.3795,3.9,215200.0,100.4575,79.4,1.5450000000000002,157466.0,0.0
2024-04-30,-0.33409090909090905,3.9,210250.0,100.2434,77.2,1.4631818181818181,157530.0,0.0
2024-05-31,-0.3740909090909091,3.9,222000.0,100.863,69.1,1.468181818181818,157608.0,0.0
2024-06-30,-0.431578947368421,4.1,234800.0,100.894,68.2,1.5142105263157895,157695.0,0.0
2024-07-31,-0.24727272727272728,4.2,237250.0,99.9757,66.4,1.5881818181818181,157748.0,0.0
2024-08-31,-0.09454545454545454,4.2,230600.0,100.4309,67.9,1.7336363636363636,157757.0,0.0
2024-09-30,0.101,4.1,224500.0,99.8084,70.1,1.6945000000000001,157912.0,0.0
2024-10-31,0.12318181818181818,4.1,236250.0,99.4695,70.5,1.5386363636363638,157945.0,0.0
2024-11-30,0.09842105263157895,4.2,219200.0,99.2925,71.8,1.421578947368421,158079.0,0.0
2024-12-31,0.1657142857142857,4.1,222750.0,100.3273,74.0,1.4095238095238094,158316.0,0.0
2025-01-31,0.35714285714285715,4.0,215000.0,100.0647,71.7,1.4476190476190476,158268.0,0.0
2025-02-28,0.24105263157894738,4.2,225000.0,101.0993,64.7,1.471578947368421,158310.0,0.0
2025-03-31,0.31047619047619046,4.2,223000.0,101.0404,57.0,1.6504761904761902,158377.0,0.0
2025-04-30,0.5014285714285714,4.2,225750.0,101.1279,52.2,1.9047619047619047,158485.0,0.0
2025-05-31,0.5038095238095238,4.3,231800.0,100.9655,52.2,1.8623809523809522,158498.0,0.0
2025-06-30,0.49450000000000005,4.1,239000.0,101.4785,60.7,1.7645,158478.0,0.0
2025-07-31,0.5095454545454546,4.3,221500.0,101.894,61.7,1.7068181818181818,158542.0,0.0
2025-08-31,0.5609523809523809,4.3,229600.0,101.6247,58.2,1.7314285714285713,158472.0,0.0
2025-09-30,0.5519047619047619,4.4,234000.0,101.668,55.1,1.7128571428571429,158548.0,0.0
2025-10-31,0.5404545454545455,,226750.0,101.2195,53.6,1.6731818181818183,158408.0,0.0
2025-11-30,0.543888888888889,4.5,222400.0,101.0344,51.0,1.7633333333333334,158449.0,0.0
2025-12-31,0.6422727272727273,4.4,219250.0,101.5203,52.9,1.7545454545454546,158432.0,0.0
2026-01-31,0.6765,4.3,211800.0,101.4737,56.4,1.6649999999999998,158592.0,0.0
2026-02-28,0.6542105263157895,4.4,215750.0,102.1009,56.6,1.6868421052631577,158436.0,0.0
2026-03-31,0.5313636363636364,4.3,208000.0,101.806,53.3,1.7895454545454543,158650.0,0.0
2026-04-30,0.52,4.3,207750.0,102.4963,49.8,1.7114285714285713,158829.0,0.0
2026-05-31,0.489,4.3,211600.0,,,1.6190000000000002,159001.0,0.0
2026-06-30,0.40599999999999997,,229000.0,,,1.5333333333333334,,
